assembly,op_no,work_center,operation,consumes,qty,uom,qty_basis,notes
GEM-10000,10,WC-INT,Install head assembly,GEM-11000,1,EA,,
GEM-10000,20,WC-INT,Install neck assembly,GEM-12000,1,EA,,
GEM-10000,30,WC-INT,Install torso assembly,GEM-13000,1,EA,,
GEM-10000,40,WC-INT,"Install arm assembly, left",GEM-14000,1,EA,,
GEM-10000,50,WC-INT,"Install leg assembly, left",GEM-16000,1,EA,,
GEM-10000,60,WC-INT,"Install arm assembly, right",GEM-15000,1,EA,,
GEM-10000,70,WC-INT,"Install leg assembly, right",GEM-17000,1,EA,,
GEM-10000,80,WC-INT,Install shell and protection assembly,GEM-18000,1,EA,,
GEM-10000,90,WC-INT,Install harness assembly,GEM-19000,1,EA,,
GEM-10000,100,WC-INT,Fasten and torque to drawing,GEM-10099,1,SET,,
GEM-10000,110,WC-INT,"(consumable) Threadlocker, medium strength",GEM-50010,,ML,as consumed; figure set by the work instruction,
GEM-10000,120,WC-COM,Provision root-of-trust keys; record measured-boot baseline (spec 06.2),,,,,
GEM-10000,130,WC-COM,Baseline physical fingerprints for attestation tier 2 (spec 06.3),,,,,
GEM-10000,140,WC-CAL,"Whole-body calibration: IMU, joint zero offsets, kinematics",,,,,
GEM-10000,150,WC-CAL,"End-of-line test: power states (spec 03.4), stand and balance, supported failure state (spec 07.3)",,,,,
GEM-11000,10,WC-SUB,Install head structure,GEM-11010,1,EA,,
GEM-11000,20,WC-SUB,"Install camera module, 4K 30 fps 12 bit",GEM-11020,2,EA,,
GEM-11000,30,WC-SUB,"Install thermal IR camera, 640x480 30 fps 16 bit",GEM-11030,1,EA,,
GEM-11000,40,WC-SUB,"Install liDAR / depth sensor, 300k points/s",GEM-11040,1,EA,,
GEM-11000,50,WC-SUB,"Install microphone, array element",GEM-11050,16,EA,,
GEM-11000,60,WC-SUB,Install electronic nose,GEM-11060,1,EA,,
GEM-11000,70,WC-SUB,"Install taste analyser, lab-on-chip",GEM-11070,1,EA,,
GEM-11000,80,WC-SUB,Install speaker and ultrasonic emitter,GEM-11080,1,EA,,
GEM-11000,90,WC-SUB,Install micro facial and pupil actuator set,GEM-11090,1,SET,,
GEM-11000,100,WC-SUB,Install head sensor hub PCBA,GEM-11100,1,EA,,
GEM-11000,110,WC-SUB,Fasten and torque to drawing,GEM-11099,1,SET,,
GEM-11000,120,WC-SUB,"(consumable) Threadlocker, medium strength",GEM-50010,,ML,as consumed; figure set by the work instruction,
GEM-12000,10,WC-SUB,"Install joint module, neck yaw",GEM-21600,1,EA,,
GEM-12000,20,WC-SUB,"Install joint module, neck pitch",GEM-21700,1,EA,,
GEM-12000,30,WC-SUB,Fasten and torque to drawing,GEM-12099,1,SET,,
GEM-12000,40,WC-SUB,"(consumable) Threadlocker, medium strength",GEM-50010,,ML,as consumed; figure set by the work instruction,
GEM-13000,10,WC-SUB,Install pelvis structure,GEM-13010,1,EA,,
GEM-13000,20,WC-SUB,Install torso structure,GEM-13020,1,EA,,
GEM-13000,30,WC-SUB,"Install joint module, waist yaw",GEM-20800,1,EA,,
GEM-13000,40,WC-SUB,"Install joint module, waist pitch",GEM-20700,1,EA,,
GEM-13000,50,WC-SUB,"Install iMU, torso",GEM-13030,,EA,count IMPL; at least 1,
GEM-13000,60,WC-SUB,Install power assembly,GEM-13100,1,EA,,
GEM-13000,70,WC-SUB,Install compute assembly,GEM-13200,1,EA,,
GEM-13000,80,WC-SUB,Install communications assembly,GEM-13300,1,EA,,
GEM-13000,90,WC-SUB,Install cardiac co-regulation module,GEM-13400,1,EA,"optional, not always-on",
GEM-13000,100,WC-SUB,Fasten and torque to drawing,GEM-13099,1,SET,,
GEM-13000,110,WC-SUB,"(consumable) Threadlocker, medium strength",GEM-50010,,ML,as consumed; figure set by the work instruction,
GEM-13100,10,WC-SUB,Install cell stack,GEM-13110,1,EA,,
GEM-13100,20,WC-SUB,Install battery management PCBA,GEM-13120,1,EA,,
GEM-13100,30,WC-SUB,Install pack enclosure,GEM-13130,1,EA,,
GEM-13100,40,WC-SUB,Install supercapacitor bank,GEM-13140,1,EA,,
GEM-13100,50,WC-SUB,"Install pre-charge, contactor and fuse set",GEM-13150,1,SET,,
GEM-13100,60,WC-SUB,Install power distribution and DC-DC PCBA,GEM-13160,1,EA,,
GEM-13100,70,WC-SUB,Install always-on rail PCBA,GEM-13170,1,EA,,
GEM-13100,80,WC-SUB,Fasten and torque to drawing,GEM-13199,1,SET,,
GEM-13100,90,WC-SUB,"(consumable) Threadlocker, medium strength",GEM-50010,,ML,as consumed; figure set by the work instruction,
GEM-13110,10,WC-CELL,Build cell stack,GEM-13111,,EA,10.36 kWh / per-cell energy of the part chosen,
GEM-13110,20,WC-CAL,Cell matching and stack acceptance test,,,,,
GEM-13120,10,WC-EMS,Assemble board to its PCBA BOM (from schematic),,,,,
GEM-13120,20,WC-PROG,"Program firmware image, battery management",GEM-40030,1,EA,,
GEM-13120,30,WC-CAL,Board-level functional test,,,,,
GEM-13200,10,WC-SUB,Install edge AI module,GEM-13210,1,EA,,
GEM-13200,20,WC-SUB,Install edge module carrier PCBA,GEM-13220,1,EA,,
GEM-13200,30,WC-SUB,"Install real-time controller PCBA, EtherCAT master",GEM-13230,1,EA,,
GEM-13200,40,WC-SUB,"Install audit log storage, 2 TB",GEM-13240,1,EA,,
GEM-13200,50,WC-SUB,"Install sDR front-end, 2 ch x 56 MHz",GEM-13250,1,EA,,
GEM-13200,60,WC-PROG,"Install os image, edge ai module",GEM-40080,1,EA,,
GEM-13200,70,WC-PROG,"Install gems software stack, edge ai module",GEM-40090,1,EA,,
GEM-13200,80,WC-SUB,Fasten and torque to drawing,GEM-13299,1,SET,,
GEM-13200,90,WC-SUB,"(consumable) Threadlocker, medium strength",GEM-50010,,ML,as consumed; figure set by the work instruction,
GEM-13230,10,WC-EMS,Assemble board to its PCBA BOM (from schematic),,,,,
GEM-13230,20,WC-PROG,"Program firmware image, real-time controller",GEM-40020,1,EA,,
GEM-13230,30,WC-CAL,Board-level functional test,,,,,
GEM-13300,10,WC-SUB,"Install mmWave uplink radio, 60 GHz",GEM-13310,1,EA,,
GEM-13300,20,WC-SUB,"Install fallback link module, LEO / cellular",GEM-13320,1,EA,,
GEM-13300,30,WC-SUB,Install low-power beacon radio,GEM-13330,1,EA,,
GEM-13300,40,WC-SUB,Install spatial RF sensing front-end,GEM-13340,1,EA,,
GEM-13300,50,WC-SUB,Install secure element,GEM-13350,,EA,"per node or per bus segment, IMPL",
GEM-13300,60,WC-SUB,Fasten and torque to drawing,GEM-13399,1,SET,,
GEM-13300,70,WC-SUB,"(consumable) Threadlocker, medium strength",GEM-50010,,ML,as consumed; figure set by the work instruction,
GEM-13330,10,WC-PROG,"Install firmware image, beacon radio",GEM-40040,1,EA,,
GEM-13330,20,WC-SUB,"(consumable) Threadlocker, medium strength",GEM-50010,,ML,as consumed; figure set by the work instruction,
GEM-13350,10,WC-PROG,"Install firmware image, secure element",GEM-40050,1,EA,,
GEM-13350,20,WC-SUB,"(consumable) Threadlocker, medium strength",GEM-50010,,ML,as consumed; figure set by the work instruction,
GEM-14000,10,WC-SUB,"Install joint module, shoulder pitch",GEM-20900,1,EA,,
GEM-14000,20,WC-SUB,"Install joint module, shoulder roll",GEM-21000,1,EA,,
GEM-14000,30,WC-SUB,"Install joint module, shoulder yaw",GEM-21100,1,EA,,
GEM-14000,40,WC-SUB,"Install upper arm structure, left",GEM-14010,1,EA,,
GEM-14000,50,WC-SUB,"Install joint module, elbow",GEM-21200,1,EA,,
GEM-14000,60,WC-SUB,"Install forearm structure, left",GEM-14020,1,EA,,
GEM-14000,70,WC-SUB,"Install joint module, wrist yaw",GEM-21300,1,EA,,
GEM-14000,80,WC-SUB,"Install joint module, wrist pitch",GEM-21400,1,EA,,
GEM-14000,90,WC-SUB,"Install joint module, wrist roll",GEM-21500,1,EA,,
GEM-14000,100,WC-SUB,"Install hand assembly, left, 5 DOF",GEM-14900,1,EA,,
GEM-14000,110,WC-SUB,Fasten and torque to drawing,GEM-14099,1,SET,,
GEM-14000,120,WC-SUB,"(consumable) Threadlocker, medium strength",GEM-50010,,ML,as consumed; figure set by the work instruction,
GEM-14900,10,WC-SUB,"Install hand structure, left",GEM-14910,1,EA,,
GEM-14900,20,WC-SUB,"Install finger actuator, left",GEM-14920,5,EA,,
GEM-14900,30,WC-SUB,Fasten and torque to drawing,GEM-14999,1,SET,,
GEM-14900,40,WC-SUB,"(consumable) Threadlocker, medium strength",GEM-50010,,ML,as consumed; figure set by the work instruction,
GEM-15000,10,WC-SUB,"Install joint module, shoulder pitch",GEM-20900,1,EA,,
GEM-15000,20,WC-SUB,"Install joint module, shoulder roll",GEM-21000,1,EA,,
GEM-15000,30,WC-SUB,"Install joint module, shoulder yaw",GEM-21100,1,EA,,
GEM-15000,40,WC-SUB,"Install upper arm structure, right",GEM-15010,1,EA,,
GEM-15000,50,WC-SUB,"Install joint module, elbow",GEM-21200,1,EA,,
GEM-15000,60,WC-SUB,"Install forearm structure, right",GEM-15020,1,EA,,
GEM-15000,70,WC-SUB,"Install joint module, wrist yaw",GEM-21300,1,EA,,
GEM-15000,80,WC-SUB,"Install joint module, wrist pitch",GEM-21400,1,EA,,
GEM-15000,90,WC-SUB,"Install joint module, wrist roll",GEM-21500,1,EA,,
GEM-15000,100,WC-SUB,"Install hand assembly, right, 5 DOF",GEM-15900,1,EA,,
GEM-15000,110,WC-SUB,Fasten and torque to drawing,GEM-15099,1,SET,,
GEM-15000,120,WC-SUB,"(consumable) Threadlocker, medium strength",GEM-50010,,ML,as consumed; figure set by the work instruction,
GEM-15900,10,WC-SUB,"Install hand structure, right",GEM-15910,1,EA,,
GEM-15900,20,WC-SUB,"Install finger actuator, right",GEM-15920,5,EA,,
GEM-15900,30,WC-SUB,Fasten and torque to drawing,GEM-15999,1,SET,,
GEM-15900,40,WC-SUB,"(consumable) Threadlocker, medium strength",GEM-50010,,ML,as consumed; figure set by the work instruction,
GEM-16000,10,WC-SUB,"Install joint module, hip roll",GEM-20200,1,EA,,
GEM-16000,20,WC-SUB,"Install joint module, hip pitch",GEM-20100,1,EA,,
GEM-16000,30,WC-SUB,"Install joint module, hip yaw",GEM-20300,1,EA,,
GEM-16000,40,WC-SUB,"Install thigh structure, left",GEM-16010,1,EA,,
GEM-16000,50,WC-SUB,"Install joint module, knee",GEM-20400,1,EA,,
GEM-16000,60,WC-SUB,"Install shank structure, left",GEM-16020,1,EA,,
GEM-16000,70,WC-SUB,"Install joint module, ankle pitch",GEM-20500,1,EA,,
GEM-16000,80,WC-SUB,"Install joint module, ankle roll",GEM-20600,1,EA,,
GEM-16000,90,WC-SUB,"Install foot structure, left",GEM-16030,1,EA,,
GEM-16000,100,WC-SUB,"Install foot contact sensing, left",GEM-16040,1,EA,,
GEM-16000,110,WC-SUB,Fasten and torque to drawing,GEM-16099,1,SET,,
GEM-16000,120,WC-SUB,"(consumable) Threadlocker, medium strength",GEM-50010,,ML,as consumed; figure set by the work instruction,
GEM-17000,10,WC-SUB,"Install joint module, hip roll",GEM-20200,1,EA,,
GEM-17000,20,WC-SUB,"Install joint module, hip pitch",GEM-20100,1,EA,,
GEM-17000,30,WC-SUB,"Install joint module, hip yaw",GEM-20300,1,EA,,
GEM-17000,40,WC-SUB,"Install thigh structure, right",GEM-17010,1,EA,,
GEM-17000,50,WC-SUB,"Install joint module, knee",GEM-20400,1,EA,,
GEM-17000,60,WC-SUB,"Install shank structure, right",GEM-17020,1,EA,,
GEM-17000,70,WC-SUB,"Install joint module, ankle pitch",GEM-20500,1,EA,,
GEM-17000,80,WC-SUB,"Install joint module, ankle roll",GEM-20600,1,EA,,
GEM-17000,90,WC-SUB,"Install foot structure, right",GEM-17030,1,EA,,
GEM-17000,100,WC-SUB,"Install foot contact sensing, right",GEM-17040,1,EA,,
GEM-17000,110,WC-SUB,Fasten and torque to drawing,GEM-17099,1,SET,,
GEM-17000,120,WC-SUB,"(consumable) Threadlocker, medium strength",GEM-50010,,ML,as consumed; figure set by the work instruction,
GEM-18000,10,WC-SUB,"Apply armour panel, integrated multi-threat",GEM-18010,1.17,M2,65% of 1.8 m2,
GEM-18000,20,WC-SUB,"Apply sense-and-heal layer, e-skin and self-healing polymer",GEM-18020,1.80,M2,skin area,
GEM-18000,30,WC-SUB,"Apply variable-stiffness layer, mr / er / jamming",GEM-18030,,M2,coverage IMPL,
GEM-18000,40,WC-SUB,"Apply fire layer, sacrificial",GEM-18040,,M2,coverage IMPL,
GEM-18000,50,WC-SUB,Apply electrochromic colour layer,GEM-18050,,M2,coverage IMPL,
GEM-18000,60,WC-SUB,"Install tactile taxel, fine region (hands, face)",GEM-18060,150000,EA,~500 cm2 at ~300/cm2,
GEM-18000,70,WC-SUB,"Install tactile taxel, ordinary region",GEM-18070,350000,EA,"~17,500 cm2 at ~20/cm2",
GEM-18000,80,WC-SUB,Install tactile readout PCBA,GEM-18080,,EA,count IMPL,
GEM-18000,90,WC-SUB,Install shell field driver PCBA (MR coils / ER HV / electrochromic),GEM-18090,,EA,count IMPL,
GEM-18000,100,WC-SUB,Fasten and torque to drawing,GEM-18099,1,SET,,
GEM-18000,110,WC-SUB,"(consumable) Adhesive, shell layer bonding",GEM-50040,,ML,as consumed; figure set by the work instruction,
GEM-18000,120,WC-SUB,"(consumable) Threadlocker, medium strength",GEM-50010,,ML,as consumed; figure set by the work instruction,
GEM-18080,10,WC-EMS,Assemble board to its PCBA BOM (from schematic),,,,,
GEM-18080,20,WC-PROG,"Program firmware image, tactile readout",GEM-40060,1,EA,,
GEM-18080,30,WC-CAL,Board-level functional test,,,,,
GEM-18090,10,WC-EMS,Assemble board to its PCBA BOM (from schematic),,,,,
GEM-18090,20,WC-PROG,"Program firmware image, shell field driver",GEM-40070,1,EA,,
GEM-18090,30,WC-CAL,Board-level functional test,,,,,
GEM-19000,10,WC-HARN,Install etherCAT joint chain cable set,GEM-19010,1,SET,,
GEM-19000,20,WC-HARN,Install cAN FD sensing bus cable set,GEM-19020,1,SET,,
GEM-19000,30,WC-HARN,Install hV power distribution cable set,GEM-19030,1,SET,,
GEM-19000,40,WC-HARN,"Install sensor link cable set (camera, LiDAR, audio)",GEM-19040,1,SET,,
GEM-19000,50,WC-HARN,Fasten and torque to drawing,GEM-19099,1,SET,,
GEM-19000,60,WC-HARN,(consumable) Cable ties and heat-shrink,GEM-50050,,SET,as consumed; figure set by the work instruction,
GEM-20100,10,WC-JNT,Prepare housing,GEM-20108,1,EA,,
GEM-20100,20,WC-JNT,Press in output bearing,GEM-20103,1,EA,,
GEM-20100,30,WC-JNT,Install motor stator and rotor,GEM-20101,1,EA,,
GEM-20100,40,WC-JNT,Install reducer; grease per work instruction,GEM-20102,1,EA,,
GEM-20100,50,WC-JNT,(consumable) Reducer grease,GEM-50020,,G,as consumed; figure set by the work instruction,
GEM-20100,60,WC-JNT,Install motor-side encoder,GEM-20104,1,EA,,
GEM-20100,70,WC-JNT,Install output-side encoder,GEM-20105,1,EA,,
GEM-20100,80,WC-JNT,Install joint torque sensor,GEM-20106,1,EA,,
GEM-20100,90,WC-JNT,Mount drive PCBA; thermal interface to housing,GEM-20107,1,EA,,
GEM-20100,100,WC-JNT,(consumable) Thermal interface material,GEM-50030,,G,as consumed; figure set by the work instruction,
GEM-20100,110,WC-JNT,Fasten and torque to drawing,GEM-20109,1,SET,,
GEM-20100,120,WC-JNT,"(consumable) Threadlocker, medium strength",GEM-50010,,ML,as consumed; figure set by the work instruction,
GEM-20100,130,WC-CAL,"Commutation offset and encoder calibration, hip pitch",,,,,
GEM-20100,140,WC-CAL,Joint torque sensor calibration,,,,,
GEM-20100,150,WC-CAL,"End-of-line test: peak torque, backdrive, thermal",,,,,
GEM-20107,10,WC-EMS,Assemble board to its PCBA BOM (from schematic),,,,,
GEM-20107,20,WC-PROG,"Program firmware image, joint drive",GEM-40010,1,EA,,
GEM-20107,30,WC-CAL,Board-level functional test,,,,,
GEM-20200,10,WC-JNT,Prepare housing,GEM-20208,1,EA,,
GEM-20200,20,WC-JNT,Press in output bearing,GEM-20203,1,EA,,
GEM-20200,30,WC-JNT,Install motor stator and rotor,GEM-20201,1,EA,,
GEM-20200,40,WC-JNT,Install reducer; grease per work instruction,GEM-20202,1,EA,,
GEM-20200,50,WC-JNT,(consumable) Reducer grease,GEM-50020,,G,as consumed; figure set by the work instruction,
GEM-20200,60,WC-JNT,Install motor-side encoder,GEM-20204,1,EA,,
GEM-20200,70,WC-JNT,Install output-side encoder,GEM-20205,1,EA,,
GEM-20200,80,WC-JNT,Install joint torque sensor,GEM-20206,1,EA,,
GEM-20200,90,WC-JNT,Mount drive PCBA; thermal interface to housing,GEM-20207,1,EA,,
GEM-20200,100,WC-JNT,(consumable) Thermal interface material,GEM-50030,,G,as consumed; figure set by the work instruction,
GEM-20200,110,WC-JNT,Fasten and torque to drawing,GEM-20209,1,SET,,
GEM-20200,120,WC-JNT,"(consumable) Threadlocker, medium strength",GEM-50010,,ML,as consumed; figure set by the work instruction,
GEM-20200,130,WC-CAL,"Commutation offset and encoder calibration, hip roll",,,,,
GEM-20200,140,WC-CAL,Joint torque sensor calibration,,,,,
GEM-20200,150,WC-CAL,"End-of-line test: peak torque, backdrive, thermal",,,,,
GEM-20207,10,WC-EMS,Assemble board to its PCBA BOM (from schematic),,,,,
GEM-20207,20,WC-PROG,"Program firmware image, joint drive",GEM-40010,1,EA,,
GEM-20207,30,WC-CAL,Board-level functional test,,,,,
GEM-20300,10,WC-JNT,Prepare housing,GEM-20308,1,EA,,
GEM-20300,20,WC-JNT,Press in output bearing,GEM-20303,1,EA,,
GEM-20300,30,WC-JNT,Install motor stator and rotor,GEM-20301,1,EA,,
GEM-20300,40,WC-JNT,Install reducer; grease per work instruction,GEM-20302,1,EA,,
GEM-20300,50,WC-JNT,(consumable) Reducer grease,GEM-50020,,G,as consumed; figure set by the work instruction,
GEM-20300,60,WC-JNT,Install motor-side encoder,GEM-20304,1,EA,,
GEM-20300,70,WC-JNT,Install output-side encoder,GEM-20305,1,EA,,
GEM-20300,80,WC-JNT,Install joint torque sensor,GEM-20306,1,EA,,
GEM-20300,90,WC-JNT,Mount drive PCBA; thermal interface to housing,GEM-20307,1,EA,,
GEM-20300,100,WC-JNT,(consumable) Thermal interface material,GEM-50030,,G,as consumed; figure set by the work instruction,
GEM-20300,110,WC-JNT,Fasten and torque to drawing,GEM-20309,1,SET,,
GEM-20300,120,WC-JNT,"(consumable) Threadlocker, medium strength",GEM-50010,,ML,as consumed; figure set by the work instruction,
GEM-20300,130,WC-CAL,"Commutation offset and encoder calibration, hip yaw",,,,,
GEM-20300,140,WC-CAL,Joint torque sensor calibration,,,,,
GEM-20300,150,WC-CAL,"End-of-line test: peak torque, backdrive, thermal",,,,,
GEM-20307,10,WC-EMS,Assemble board to its PCBA BOM (from schematic),,,,,
GEM-20307,20,WC-PROG,"Program firmware image, joint drive",GEM-40010,1,EA,,
GEM-20307,30,WC-CAL,Board-level functional test,,,,,
GEM-20400,10,WC-JNT,Prepare housing,GEM-20408,1,EA,,
GEM-20400,20,WC-JNT,Press in output bearing,GEM-20403,1,EA,,
GEM-20400,30,WC-JNT,Install motor stator and rotor,GEM-20401,1,EA,,
GEM-20400,40,WC-JNT,Install reducer; grease per work instruction,GEM-20402,1,EA,,
GEM-20400,50,WC-JNT,(consumable) Reducer grease,GEM-50020,,G,as consumed; figure set by the work instruction,
GEM-20400,60,WC-JNT,Install motor-side encoder,GEM-20404,1,EA,,
GEM-20400,70,WC-JNT,Install output-side encoder,GEM-20405,1,EA,,
GEM-20400,80,WC-JNT,Install joint torque sensor,GEM-20406,1,EA,,
GEM-20400,90,WC-JNT,Mount drive PCBA; thermal interface to housing,GEM-20407,1,EA,,
GEM-20400,100,WC-JNT,(consumable) Thermal interface material,GEM-50030,,G,as consumed; figure set by the work instruction,
GEM-20400,110,WC-JNT,Fasten and torque to drawing,GEM-20409,1,SET,,
GEM-20400,120,WC-JNT,"(consumable) Threadlocker, medium strength",GEM-50010,,ML,as consumed; figure set by the work instruction,
GEM-20400,130,WC-CAL,"Commutation offset and encoder calibration, knee",,,,,
GEM-20400,140,WC-CAL,Joint torque sensor calibration,,,,,
GEM-20400,150,WC-CAL,"End-of-line test: peak torque, backdrive, thermal",,,,,
GEM-20407,10,WC-EMS,Assemble board to its PCBA BOM (from schematic),,,,,
GEM-20407,20,WC-PROG,"Program firmware image, joint drive",GEM-40010,1,EA,,
GEM-20407,30,WC-CAL,Board-level functional test,,,,,
GEM-20500,10,WC-JNT,Prepare housing,GEM-20508,1,EA,,
GEM-20500,20,WC-JNT,Press in output bearing,GEM-20503,1,EA,,
GEM-20500,30,WC-JNT,Install motor stator and rotor,GEM-20501,1,EA,,
GEM-20500,40,WC-JNT,Install reducer; grease per work instruction,GEM-20502,1,EA,,
GEM-20500,50,WC-JNT,(consumable) Reducer grease,GEM-50020,,G,as consumed; figure set by the work instruction,
GEM-20500,60,WC-JNT,Install motor-side encoder,GEM-20504,1,EA,,
GEM-20500,70,WC-JNT,Install output-side encoder,GEM-20505,1,EA,,
GEM-20500,80,WC-JNT,Install joint torque sensor,GEM-20506,1,EA,,
GEM-20500,90,WC-JNT,Mount drive PCBA; thermal interface to housing,GEM-20507,1,EA,,
GEM-20500,100,WC-JNT,(consumable) Thermal interface material,GEM-50030,,G,as consumed; figure set by the work instruction,
GEM-20500,110,WC-JNT,Fasten and torque to drawing,GEM-20509,1,SET,,
GEM-20500,120,WC-JNT,"(consumable) Threadlocker, medium strength",GEM-50010,,ML,as consumed; figure set by the work instruction,
GEM-20500,130,WC-CAL,"Commutation offset and encoder calibration, ankle pitch",,,,,
GEM-20500,140,WC-CAL,Joint torque sensor calibration,,,,,
GEM-20500,150,WC-CAL,"End-of-line test: peak torque, backdrive, thermal",,,,,
GEM-20507,10,WC-EMS,Assemble board to its PCBA BOM (from schematic),,,,,
GEM-20507,20,WC-PROG,"Program firmware image, joint drive",GEM-40010,1,EA,,
GEM-20507,30,WC-CAL,Board-level functional test,,,,,
GEM-20600,10,WC-JNT,Prepare housing,GEM-20608,1,EA,,
GEM-20600,20,WC-JNT,Press in output bearing,GEM-20603,1,EA,,
GEM-20600,30,WC-JNT,Install motor stator and rotor,GEM-20601,1,EA,,
GEM-20600,40,WC-JNT,Install reducer; grease per work instruction,GEM-20602,1,EA,,
GEM-20600,50,WC-JNT,(consumable) Reducer grease,GEM-50020,,G,as consumed; figure set by the work instruction,
GEM-20600,60,WC-JNT,Install motor-side encoder,GEM-20604,1,EA,,
GEM-20600,70,WC-JNT,Install output-side encoder,GEM-20605,1,EA,,
GEM-20600,80,WC-JNT,Install joint torque sensor,GEM-20606,1,EA,,
GEM-20600,90,WC-JNT,Mount drive PCBA; thermal interface to housing,GEM-20607,1,EA,,
GEM-20600,100,WC-JNT,(consumable) Thermal interface material,GEM-50030,,G,as consumed; figure set by the work instruction,
GEM-20600,110,WC-JNT,Fasten and torque to drawing,GEM-20609,1,SET,,
GEM-20600,120,WC-JNT,"(consumable) Threadlocker, medium strength",GEM-50010,,ML,as consumed; figure set by the work instruction,
GEM-20600,130,WC-CAL,"Commutation offset and encoder calibration, ankle roll",,,,,
GEM-20600,140,WC-CAL,Joint torque sensor calibration,,,,,
GEM-20600,150,WC-CAL,"End-of-line test: peak torque, backdrive, thermal",,,,,
GEM-20607,10,WC-EMS,Assemble board to its PCBA BOM (from schematic),,,,,
GEM-20607,20,WC-PROG,"Program firmware image, joint drive",GEM-40010,1,EA,,
GEM-20607,30,WC-CAL,Board-level functional test,,,,,
GEM-20700,10,WC-JNT,Prepare housing,GEM-20708,1,EA,,
GEM-20700,20,WC-JNT,Press in output bearing,GEM-20703,1,EA,,
GEM-20700,30,WC-JNT,Install motor stator and rotor,GEM-20701,1,EA,,
GEM-20700,40,WC-JNT,Install reducer; grease per work instruction,GEM-20702,1,EA,,
GEM-20700,50,WC-JNT,(consumable) Reducer grease,GEM-50020,,G,as consumed; figure set by the work instruction,
GEM-20700,60,WC-JNT,Install motor-side encoder,GEM-20704,1,EA,,
GEM-20700,70,WC-JNT,Install output-side encoder,GEM-20705,1,EA,,
GEM-20700,80,WC-JNT,Install joint torque sensor,GEM-20706,1,EA,,
GEM-20700,90,WC-JNT,Mount drive PCBA; thermal interface to housing,GEM-20707,1,EA,,
GEM-20700,100,WC-JNT,(consumable) Thermal interface material,GEM-50030,,G,as consumed; figure set by the work instruction,
GEM-20700,110,WC-JNT,Fasten and torque to drawing,GEM-20709,1,SET,,
GEM-20700,120,WC-JNT,"(consumable) Threadlocker, medium strength",GEM-50010,,ML,as consumed; figure set by the work instruction,
GEM-20700,130,WC-CAL,"Commutation offset and encoder calibration, waist pitch",,,,,
GEM-20700,140,WC-CAL,Joint torque sensor calibration,,,,,
GEM-20700,150,WC-CAL,"End-of-line test: peak torque, backdrive, thermal",,,,,
GEM-20707,10,WC-EMS,Assemble board to its PCBA BOM (from schematic),,,,,
GEM-20707,20,WC-PROG,"Program firmware image, joint drive",GEM-40010,1,EA,,
GEM-20707,30,WC-CAL,Board-level functional test,,,,,
GEM-20800,10,WC-JNT,Prepare housing,GEM-20808,1,EA,,
GEM-20800,20,WC-JNT,Press in output bearing,GEM-20803,1,EA,,
GEM-20800,30,WC-JNT,Install motor stator and rotor,GEM-20801,1,EA,,
GEM-20800,40,WC-JNT,Install reducer; grease per work instruction,GEM-20802,1,EA,,
GEM-20800,50,WC-JNT,(consumable) Reducer grease,GEM-50020,,G,as consumed; figure set by the work instruction,
GEM-20800,60,WC-JNT,Install motor-side encoder,GEM-20804,1,EA,,
GEM-20800,70,WC-JNT,Install output-side encoder,GEM-20805,1,EA,,
GEM-20800,80,WC-JNT,Install joint torque sensor,GEM-20806,1,EA,,
GEM-20800,90,WC-JNT,Mount drive PCBA; thermal interface to housing,GEM-20807,1,EA,,
GEM-20800,100,WC-JNT,(consumable) Thermal interface material,GEM-50030,,G,as consumed; figure set by the work instruction,
GEM-20800,110,WC-JNT,Fasten and torque to drawing,GEM-20809,1,SET,,
GEM-20800,120,WC-JNT,"(consumable) Threadlocker, medium strength",GEM-50010,,ML,as consumed; figure set by the work instruction,
GEM-20800,130,WC-CAL,"Commutation offset and encoder calibration, waist yaw",,,,,
GEM-20800,140,WC-CAL,Joint torque sensor calibration,,,,,
GEM-20800,150,WC-CAL,"End-of-line test: peak torque, backdrive, thermal",,,,,
GEM-20807,10,WC-EMS,Assemble board to its PCBA BOM (from schematic),,,,,
GEM-20807,20,WC-PROG,"Program firmware image, joint drive",GEM-40010,1,EA,,
GEM-20807,30,WC-CAL,Board-level functional test,,,,,
GEM-20900,10,WC-JNT,Prepare housing,GEM-20908,1,EA,,
GEM-20900,20,WC-JNT,Press in output bearing,GEM-20903,1,EA,,
GEM-20900,30,WC-JNT,Install motor stator and rotor,GEM-20901,1,EA,,
GEM-20900,40,WC-JNT,Install reducer; grease per work instruction,GEM-20902,1,EA,,
GEM-20900,50,WC-JNT,(consumable) Reducer grease,GEM-50020,,G,as consumed; figure set by the work instruction,
GEM-20900,60,WC-JNT,Install motor-side encoder,GEM-20904,1,EA,,
GEM-20900,70,WC-JNT,Install output-side encoder,GEM-20905,1,EA,,
GEM-20900,80,WC-JNT,Install joint torque sensor,GEM-20906,1,EA,,
GEM-20900,90,WC-JNT,Mount drive PCBA; thermal interface to housing,GEM-20907,1,EA,,
GEM-20900,100,WC-JNT,(consumable) Thermal interface material,GEM-50030,,G,as consumed; figure set by the work instruction,
GEM-20900,110,WC-JNT,Fasten and torque to drawing,GEM-20909,1,SET,,
GEM-20900,120,WC-JNT,"(consumable) Threadlocker, medium strength",GEM-50010,,ML,as consumed; figure set by the work instruction,
GEM-20900,130,WC-CAL,"Commutation offset and encoder calibration, shoulder pitch",,,,,
GEM-20900,140,WC-CAL,Joint torque sensor calibration,,,,,
GEM-20900,150,WC-CAL,"End-of-line test: peak torque, backdrive, thermal",,,,,
GEM-20907,10,WC-EMS,Assemble board to its PCBA BOM (from schematic),,,,,
GEM-20907,20,WC-PROG,"Program firmware image, joint drive",GEM-40010,1,EA,,
GEM-20907,30,WC-CAL,Board-level functional test,,,,,
GEM-21000,10,WC-JNT,Prepare housing,GEM-21008,1,EA,,
GEM-21000,20,WC-JNT,Press in output bearing,GEM-21003,1,EA,,
GEM-21000,30,WC-JNT,Install motor stator and rotor,GEM-21001,1,EA,,
GEM-21000,40,WC-JNT,Install reducer; grease per work instruction,GEM-21002,1,EA,,
GEM-21000,50,WC-JNT,(consumable) Reducer grease,GEM-50020,,G,as consumed; figure set by the work instruction,
GEM-21000,60,WC-JNT,Install motor-side encoder,GEM-21004,1,EA,,
GEM-21000,70,WC-JNT,Install output-side encoder,GEM-21005,1,EA,,
GEM-21000,80,WC-JNT,Install joint torque sensor,GEM-21006,1,EA,,
GEM-21000,90,WC-JNT,Mount drive PCBA; thermal interface to housing,GEM-21007,1,EA,,
GEM-21000,100,WC-JNT,(consumable) Thermal interface material,GEM-50030,,G,as consumed; figure set by the work instruction,
GEM-21000,110,WC-JNT,Fasten and torque to drawing,GEM-21009,1,SET,,
GEM-21000,120,WC-JNT,"(consumable) Threadlocker, medium strength",GEM-50010,,ML,as consumed; figure set by the work instruction,
GEM-21000,130,WC-CAL,"Commutation offset and encoder calibration, shoulder roll",,,,,
GEM-21000,140,WC-CAL,Joint torque sensor calibration,,,,,
GEM-21000,150,WC-CAL,"End-of-line test: peak torque, backdrive, thermal",,,,,
GEM-21007,10,WC-EMS,Assemble board to its PCBA BOM (from schematic),,,,,
GEM-21007,20,WC-PROG,"Program firmware image, joint drive",GEM-40010,1,EA,,
GEM-21007,30,WC-CAL,Board-level functional test,,,,,
GEM-21100,10,WC-JNT,Prepare housing,GEM-21108,1,EA,,
GEM-21100,20,WC-JNT,Press in output bearing,GEM-21103,1,EA,,
GEM-21100,30,WC-JNT,Install motor stator and rotor,GEM-21101,1,EA,,
GEM-21100,40,WC-JNT,Install reducer; grease per work instruction,GEM-21102,1,EA,,
GEM-21100,50,WC-JNT,(consumable) Reducer grease,GEM-50020,,G,as consumed; figure set by the work instruction,
GEM-21100,60,WC-JNT,Install motor-side encoder,GEM-21104,1,EA,,
GEM-21100,70,WC-JNT,Install output-side encoder,GEM-21105,1,EA,,
GEM-21100,80,WC-JNT,Install joint torque sensor,GEM-21106,1,EA,,
GEM-21100,90,WC-JNT,Mount drive PCBA; thermal interface to housing,GEM-21107,1,EA,,
GEM-21100,100,WC-JNT,(consumable) Thermal interface material,GEM-50030,,G,as consumed; figure set by the work instruction,
GEM-21100,110,WC-JNT,Fasten and torque to drawing,GEM-21109,1,SET,,
GEM-21100,120,WC-JNT,"(consumable) Threadlocker, medium strength",GEM-50010,,ML,as consumed; figure set by the work instruction,
GEM-21100,130,WC-CAL,"Commutation offset and encoder calibration, shoulder yaw",,,,,
GEM-21100,140,WC-CAL,Joint torque sensor calibration,,,,,
GEM-21100,150,WC-CAL,"End-of-line test: peak torque, backdrive, thermal",,,,,
GEM-21107,10,WC-EMS,Assemble board to its PCBA BOM (from schematic),,,,,
GEM-21107,20,WC-PROG,"Program firmware image, joint drive",GEM-40010,1,EA,,
GEM-21107,30,WC-CAL,Board-level functional test,,,,,
GEM-21200,10,WC-JNT,Prepare housing,GEM-21208,1,EA,,
GEM-21200,20,WC-JNT,Press in output bearing,GEM-21203,1,EA,,
GEM-21200,30,WC-JNT,Install motor stator and rotor,GEM-21201,1,EA,,
GEM-21200,40,WC-JNT,Install reducer; grease per work instruction,GEM-21202,1,EA,,
GEM-21200,50,WC-JNT,(consumable) Reducer grease,GEM-50020,,G,as consumed; figure set by the work instruction,
GEM-21200,60,WC-JNT,Install motor-side encoder,GEM-21204,1,EA,,
GEM-21200,70,WC-JNT,Install output-side encoder,GEM-21205,1,EA,,
GEM-21200,80,WC-JNT,Install joint torque sensor,GEM-21206,1,EA,,
GEM-21200,90,WC-JNT,Mount drive PCBA; thermal interface to housing,GEM-21207,1,EA,,
GEM-21200,100,WC-JNT,(consumable) Thermal interface material,GEM-50030,,G,as consumed; figure set by the work instruction,
GEM-21200,110,WC-JNT,Fasten and torque to drawing,GEM-21209,1,SET,,
GEM-21200,120,WC-JNT,"(consumable) Threadlocker, medium strength",GEM-50010,,ML,as consumed; figure set by the work instruction,
GEM-21200,130,WC-CAL,"Commutation offset and encoder calibration, elbow",,,,,
GEM-21200,140,WC-CAL,Joint torque sensor calibration,,,,,
GEM-21200,150,WC-CAL,"End-of-line test: peak torque, backdrive, thermal",,,,,
GEM-21207,10,WC-EMS,Assemble board to its PCBA BOM (from schematic),,,,,
GEM-21207,20,WC-PROG,"Program firmware image, joint drive",GEM-40010,1,EA,,
GEM-21207,30,WC-CAL,Board-level functional test,,,,,
GEM-21300,10,WC-JNT,Prepare housing,GEM-21308,1,EA,,
GEM-21300,20,WC-JNT,Press in output bearing,GEM-21303,1,EA,,
GEM-21300,30,WC-JNT,Install motor stator and rotor,GEM-21301,1,EA,,
GEM-21300,40,WC-JNT,Install reducer; grease per work instruction,GEM-21302,1,EA,,
GEM-21300,50,WC-JNT,(consumable) Reducer grease,GEM-50020,,G,as consumed; figure set by the work instruction,
GEM-21300,60,WC-JNT,Install motor-side encoder,GEM-21304,1,EA,,
GEM-21300,70,WC-JNT,Install output-side encoder,GEM-21305,1,EA,,
GEM-21300,80,WC-JNT,Install joint torque sensor,GEM-21306,1,EA,,
GEM-21300,90,WC-JNT,Mount drive PCBA; thermal interface to housing,GEM-21307,1,EA,,
GEM-21300,100,WC-JNT,(consumable) Thermal interface material,GEM-50030,,G,as consumed; figure set by the work instruction,
GEM-21300,110,WC-JNT,Fasten and torque to drawing,GEM-21309,1,SET,,
GEM-21300,120,WC-JNT,"(consumable) Threadlocker, medium strength",GEM-50010,,ML,as consumed; figure set by the work instruction,
GEM-21300,130,WC-CAL,"Commutation offset and encoder calibration, wrist yaw",,,,,
GEM-21300,140,WC-CAL,Joint torque sensor calibration,,,,,
GEM-21300,150,WC-CAL,"End-of-line test: peak torque, backdrive, thermal",,,,,
GEM-21307,10,WC-EMS,Assemble board to its PCBA BOM (from schematic),,,,,
GEM-21307,20,WC-PROG,"Program firmware image, joint drive",GEM-40010,1,EA,,
GEM-21307,30,WC-CAL,Board-level functional test,,,,,
GEM-21400,10,WC-JNT,Prepare housing,GEM-21408,1,EA,,
GEM-21400,20,WC-JNT,Press in output bearing,GEM-21403,1,EA,,
GEM-21400,30,WC-JNT,Install motor stator and rotor,GEM-21401,1,EA,,
GEM-21400,40,WC-JNT,Install reducer; grease per work instruction,GEM-21402,1,EA,,
GEM-21400,50,WC-JNT,(consumable) Reducer grease,GEM-50020,,G,as consumed; figure set by the work instruction,
GEM-21400,60,WC-JNT,Install motor-side encoder,GEM-21404,1,EA,,
GEM-21400,70,WC-JNT,Install output-side encoder,GEM-21405,1,EA,,
GEM-21400,80,WC-JNT,Install joint torque sensor,GEM-21406,1,EA,,
GEM-21400,90,WC-JNT,Mount drive PCBA; thermal interface to housing,GEM-21407,1,EA,,
GEM-21400,100,WC-JNT,(consumable) Thermal interface material,GEM-50030,,G,as consumed; figure set by the work instruction,
GEM-21400,110,WC-JNT,Fasten and torque to drawing,GEM-21409,1,SET,,
GEM-21400,120,WC-JNT,"(consumable) Threadlocker, medium strength",GEM-50010,,ML,as consumed; figure set by the work instruction,
GEM-21400,130,WC-CAL,"Commutation offset and encoder calibration, wrist pitch",,,,,
GEM-21400,140,WC-CAL,Joint torque sensor calibration,,,,,
GEM-21400,150,WC-CAL,"End-of-line test: peak torque, backdrive, thermal",,,,,
GEM-21407,10,WC-EMS,Assemble board to its PCBA BOM (from schematic),,,,,
GEM-21407,20,WC-PROG,"Program firmware image, joint drive",GEM-40010,1,EA,,
GEM-21407,30,WC-CAL,Board-level functional test,,,,,
GEM-21500,10,WC-JNT,Prepare housing,GEM-21508,1,EA,,
GEM-21500,20,WC-JNT,Press in output bearing,GEM-21503,1,EA,,
GEM-21500,30,WC-JNT,Install motor stator and rotor,GEM-21501,1,EA,,
GEM-21500,40,WC-JNT,Install reducer; grease per work instruction,GEM-21502,1,EA,,
GEM-21500,50,WC-JNT,(consumable) Reducer grease,GEM-50020,,G,as consumed; figure set by the work instruction,
GEM-21500,60,WC-JNT,Install motor-side encoder,GEM-21504,1,EA,,
GEM-21500,70,WC-JNT,Install output-side encoder,GEM-21505,1,EA,,
GEM-21500,80,WC-JNT,Install joint torque sensor,GEM-21506,1,EA,,
GEM-21500,90,WC-JNT,Mount drive PCBA; thermal interface to housing,GEM-21507,1,EA,,
GEM-21500,100,WC-JNT,(consumable) Thermal interface material,GEM-50030,,G,as consumed; figure set by the work instruction,
GEM-21500,110,WC-JNT,Fasten and torque to drawing,GEM-21509,1,SET,,
GEM-21500,120,WC-JNT,"(consumable) Threadlocker, medium strength",GEM-50010,,ML,as consumed; figure set by the work instruction,
GEM-21500,130,WC-CAL,"Commutation offset and encoder calibration, wrist roll",,,,,
GEM-21500,140,WC-CAL,Joint torque sensor calibration,,,,,
GEM-21500,150,WC-CAL,"End-of-line test: peak torque, backdrive, thermal",,,,,
GEM-21507,10,WC-EMS,Assemble board to its PCBA BOM (from schematic),,,,,
GEM-21507,20,WC-PROG,"Program firmware image, joint drive",GEM-40010,1,EA,,
GEM-21507,30,WC-CAL,Board-level functional test,,,,,
GEM-21600,10,WC-JNT,Prepare housing,GEM-21608,1,EA,,
GEM-21600,20,WC-JNT,Press in output bearing,GEM-21603,1,EA,,
GEM-21600,30,WC-JNT,Install motor stator and rotor,GEM-21601,1,EA,,
GEM-21600,40,WC-JNT,Install reducer; grease per work instruction,GEM-21602,1,EA,,
GEM-21600,50,WC-JNT,(consumable) Reducer grease,GEM-50020,,G,as consumed; figure set by the work instruction,
GEM-21600,60,WC-JNT,Install motor-side encoder,GEM-21604,1,EA,,
GEM-21600,70,WC-JNT,Install output-side encoder,GEM-21605,1,EA,,
GEM-21600,80,WC-JNT,Install joint torque sensor,GEM-21606,1,EA,,
GEM-21600,90,WC-JNT,Mount drive PCBA; thermal interface to housing,GEM-21607,1,EA,,
GEM-21600,100,WC-JNT,(consumable) Thermal interface material,GEM-50030,,G,as consumed; figure set by the work instruction,
GEM-21600,110,WC-JNT,Fasten and torque to drawing,GEM-21609,1,SET,,
GEM-21600,120,WC-JNT,"(consumable) Threadlocker, medium strength",GEM-50010,,ML,as consumed; figure set by the work instruction,
GEM-21600,130,WC-CAL,"Commutation offset and encoder calibration, neck yaw",,,,,
GEM-21600,140,WC-CAL,Joint torque sensor calibration,,,,,
GEM-21600,150,WC-CAL,"End-of-line test: peak torque, backdrive, thermal",,,,,
GEM-21607,10,WC-EMS,Assemble board to its PCBA BOM (from schematic),,,,,
GEM-21607,20,WC-PROG,"Program firmware image, joint drive",GEM-40010,1,EA,,
GEM-21607,30,WC-CAL,Board-level functional test,,,,,
GEM-21700,10,WC-JNT,Prepare housing,GEM-21708,1,EA,,
GEM-21700,20,WC-JNT,Press in output bearing,GEM-21703,1,EA,,
GEM-21700,30,WC-JNT,Install motor stator and rotor,GEM-21701,1,EA,,
GEM-21700,40,WC-JNT,Install reducer; grease per work instruction,GEM-21702,1,EA,,
GEM-21700,50,WC-JNT,(consumable) Reducer grease,GEM-50020,,G,as consumed; figure set by the work instruction,
GEM-21700,60,WC-JNT,Install motor-side encoder,GEM-21704,1,EA,,
GEM-21700,70,WC-JNT,Install output-side encoder,GEM-21705,1,EA,,
GEM-21700,80,WC-JNT,Install joint torque sensor,GEM-21706,1,EA,,
GEM-21700,90,WC-JNT,Mount drive PCBA; thermal interface to housing,GEM-21707,1,EA,,
GEM-21700,100,WC-JNT,(consumable) Thermal interface material,GEM-50030,,G,as consumed; figure set by the work instruction,
GEM-21700,110,WC-JNT,Fasten and torque to drawing,GEM-21709,1,SET,,
GEM-21700,120,WC-JNT,"(consumable) Threadlocker, medium strength",GEM-50010,,ML,as consumed; figure set by the work instruction,
GEM-21700,130,WC-CAL,"Commutation offset and encoder calibration, neck pitch",,,,,
GEM-21700,140,WC-CAL,Joint torque sensor calibration,,,,,
GEM-21700,150,WC-CAL,"End-of-line test: peak torque, backdrive, thermal",,,,,
GEM-21707,10,WC-EMS,Assemble board to its PCBA BOM (from schematic),,,,,
GEM-21707,20,WC-PROG,"Program firmware image, joint drive",GEM-40010,1,EA,,
GEM-21707,30,WC-CAL,Board-level functional test,,,,,
GEM-30000,10,WC-SUB,Install dock structure,GEM-30010,1,EA,,
GEM-30000,20,WC-SUB,Install charging contact set,GEM-30020,1,SET,,
GEM-30000,30,WC-SUB,Install dock charger PCBA,GEM-30030,1,EA,,
GEM-30000,40,WC-SUB,Fasten and torque to drawing,GEM-30099,1,SET,,
GEM-30000,50,WC-SUB,"(consumable) Threadlocker, medium strength",GEM-50010,,ML,as consumed; figure set by the work instruction,
GEM-10000,160,WC-PACK,Pack for shipment,GEM-50060,1,SET,,
GEM-30000,60,WC-PACK,Pack for shipment,GEM-50060,1,SET,,
